<rrdworld type="application"
          icon="ldms_core_icon.png" > <!-- Size 100x95 -->
 
       <name> ldms_core </name>
     <author> Jack Coates </author>
     <description> LANDesk Management Suite / Security Suite cores need a bit of handholding; this tool helps keep cruft from piling up and tells you about problems. </description>
   <homepage> http://www.droppedpackets.org/scripts/ldms_core </homepage> 
       <year> 2008 </year><month> 10 </month> <!-- Entry creation date -->
    <license> GPL </license>

   <!-- Optional -->   

</rrdworld>

