﻿<?xml version="1.0" encoding="utf-8"?>
<managementsuite core="GEODE" exported-utc="4/13/2009 10:59:39 PM">
  <query type="1">
    <name value="Duplicate Serial Number Report - RPTQRY" />
    <where value="&quot;Computer&quot;.&quot;System&quot;.&quot;Serial Number&quot;  =  ?" />
    <field value="&quot;Computer&quot;.&quot;Display Name&quot;" header="Device name" />
    <field value="&quot;Computer&quot;.&quot;OS&quot;.&quot;Name&quot;" header="OS Name" />
    <field value="&quot;Computer&quot;.&quot;System&quot;.&quot;Serial Number&quot;" header="Serial Number" />
    <field value="&quot;Computer&quot;.&quot;System&quot;.&quot;Manufacturer&quot;" header="Manufacturer" />
    <field value="&quot;Computer&quot;.&quot;System&quot;.&quot;Model&quot;" header="Model" />
    <sort value="&quot;Computer&quot;.&quot;Display Name&quot;" />
    <qualifier value="" />
    <qualifier value="" />
    <qualifier value="" />
    <qualifier value="" />
    <qualifier value="" />
  </query>
  <report name="Duplicate Serial Number Report" title="Duplicate Serial Number Report" description="Machine records with this serial number" isCanned="False" chartType="NoChart" chartField="Device name" type="3" />
</managementsuite>